Attendance,AVGCapcity,Month,Year,Gross,Performances,Type,Theatre
116582,97.35714286,2.071428571,2010,10935941,81,Play,Cort
93476,75.13333333,4.8,1997,2712516,89,Play,Cort
82769,55.58823529,3.294117647,2006,4501355,109,Play,Cort
2570,34,11,2003,100389,0,Play,Cort
58288,53.69230769,5,2011,2792677,73,Play,Cort
37872,64.28571429,3.428571429,2013,2475937,38,Play,Cort
110215,101.3076923,5.461538462,2010,12908907,88,Play,Cort
218241,98.96153846,4.692307692,2015,27652896,173,Play,Cort
158015,87.54166667,4,1998,5283095,144,Play,Cort
85684,62.05882353,10.11764706,2012.058824,6479055,108,Play,Cort
47006,42.15384615,10.38461538,2002.076923,2043835,76,Play,Cort
36852,43.4,8.2,2001,1361049,53,Play,Cort
39329,47.08333333,10.25,2004.083333,1828501,66,Play,Cort
160950,85.52173913,6.130434783,2013.565217,14346510,145,Play,Cort
54757,45.92857143,4.857142857,2005,2947551,93,Play,Cort
46200,52.63636364,5.363636364,2007,1825735,64,Play,Cort
65593,83.3,10,1996,1474936,46,Play,Cort
80312,63.73333333,5.533333333,2011.6,4262543,93,Play,Cort
75926,67.07142857,10.28571429,2015.071429,4453376,79,Play,Cort
162967,71.91666667,8.277777778,2008.027778,8758456,277,Play,Cort
101355,99.5,5.142857143,1998.642857,4589721,81,Play,Cort
94219,78.06666667,5.533333333,2014,7845617,105,Play,Cort
11208,28.2,4.4,2001,360983,24,Play,Cort
75092,45.73684211,4.368421053,2007.789474,4267706,137,Play,Cort
68122,46.94117647,7.294117647,2006.411765,3345956,112,Play,Cort
57421,52.76923077,5.153846154,2012,2509091,80,Play,Cort
112415,66.6,9.8,2014.05,7229324,133,Play,Cort
97638,64.47368421,8.210526316,2010.263158,7053123,126,Play,Cort
44188,70.5,6.666666667,2016,3495760,75,Play,Booth
49960,70.54545455,5.181818182,1994,1393461,73,Play,Booth
74286,83.33333333,9.733333333,2006.133333,5424237,94,Play,Booth
203582,79.16666667,6.095238095,1999.642857,9815693,297,Play,Booth
54593,55.71428571,3.952380952,1997,1931156,126,Play,Booth
51037,81,10.36363636,2008.090909,2796827,50,Play,Booth
99297,93.64705882,6.058823529,2006,7583448,117,Play,Booth
173143,66.93023256,7.488372093,2015.023256,12134434,311,Play,Booth
155631,67.08108108,7.216216216,1995,4589010,277,Play,Booth
18112,64.4,3.8,2011,449955,7,Play,Booth
31993,75.57142857,2.571428571,2016,2023264,37,Play,Booth
69337,100.2307692,5.076923077,2013,9561477,71,Play,Booth
21365,39.55555556,7.888888889,2002,793377,53,Play,Booth
32876,67.45454545,10.36363636,1998.090909,1228086,51,Play,Booth
106652,57.04878049,7.658536585,1996.02439,3856374,234,Play,Booth
171304,78.83333333,5.694444444,2011.694444,14799861,261,Play,Booth
55571,97,7.5,2002.4,3757006,59,Play,Booth
38021,63.36363636,9.454545455,2005.181818,1526743,55,Play,Booth
92102,100.875,6.5,2014.5,14717696,83,Play,Booth
133868,87.36,7.68,2013.32,14107163,173,Play,Booth
19837,37.44444444,11.11111111,2004,843035,40,Play,Booth
111014,68.88461538,5.153846154,1997.730769,3820480,197,Play,Booth
137521,84,6.230769231,2005,8946186,185,Play,Booth
89666,66.77272727,7.136363636,2003.409091,4496405,147,Play,Booth
76919,63.2,5.45,2007.65,4512348,133,Play,Booth
114278,77.17857143,5.428571429,2000.714286,5562894,184,Play,Booth
19293,66.6,4.2,2014,544617,16,Play,Booth
100961,77.45833333,5.541666667,2007,7293267,144,Play,Booth
80291,71.57894737,6,2008,4613166,126,Play,Booth
5500,88,8,1990,134456,8,Play,Booth
55886,63.4,4.333333333,1999,1751272,99,Play,Booth
82952,67.08695652,7.304347826,2012.391304,6444452,142,Play,Booth
92749,85,7.294117647,2014.411765,11703597,100,Play,Golden
32130,74,10.25,2013,1720560,33,Play,Golden
131694,81.85185185,6.111111111,2010.555556,13586627,180,Play,Golden
77911,72.17647059,4.294117647,2016,5744145,121,Play,Golden
2343,42,6,1995,57491,7,Play,Golden
112483,86.24324324,5.243243243,1999.837838,5303427,186,Play,Golden
280797,83.27868852,6.967213115,1996.327869,9350941,413,Play,Golden
60704,55.5,4.277777778,2014,3558406,104,Play,Golden
39824,62.3,10.7,2009,2177335,65,Play,Golden
87631,88.625,4.625,2010,6835696,101,Play,Golden
132687,76.64285714,5.428571429,2011.678571,9819692,191,Play,Golden
225693,64.90740741,6.611111111,1998.814815,7736485,432,Play,Golden
84202,99.21428571,4.571428571,2015,10126159,85,Play,Golden
115757,68.81481481,6.296296296,2001,5141100,198,Play,Golden
22583,70.6,11.6,2012,1651411,17,Play,Golden
48303,71.41666667,4.666666667,1998,1830517,74,Play,Golden
70656,76.9375,9.625,2015.125,5514614,92,Play,Golden
179887,67.90697674,7,2002,7932478,309,Play,Golden
67970,88.16666667,5.583333333,2011,4237705,86,Play,Golden
138147,87.88,5.52,2013,13130430,189,Play,Golden
50193,67.91666667,3.333333333,2003,1915989,69,Play,Golden
141445,82.66666667,5.857142857,2007,9395227,137,Play,Jacobs
105979,76.75,6.625,2005,7017805,128,Play,Jacobs
414191,80.83606557,5.737704918,2009.377049,37345584,452,Play,Jacobs
120125,71.45,3.55,2015,11301001,157,Play,Jacobs
102787,70.42105263,6.315789474,2007.526316,6767495,123,Play,Jacobs
99407,74.5625,3.6875,2011,8443019,97,Play,Jacobs
81577,62.0625,5.4375,2008,5949235,97,Play,Jacobs
123293,82.22222222,8.611111111,2011.222222,10864181,117,Play,Jacobs
102670,99.5,4.833333333,2006,11427896,70,Play,Jacobs
115746,80.05555556,6.888888889,2015.444444,8427267,115,Play,Lyceum
114762,71.52173913,7.260869565,2014.391304,8534968,149,Play,Lyceum
93227,73.05555556,5.555555556,2016,7068657,112,Play,Lyceum
84440,76.55,4.65,2011,6179540,95,Play,Lyceum
11388,40,11.4,1996,286310,22,Play,Lyceum
176011,64.96,6.34,2003.86,8648562,360,Play,Lyceum
47282,56.75,9.583333333,2009.166667,2129999,60,Play,Lyceum
99852,84.4375,5.0625,2007,6805286,100,Play,Lyceum
58357,52.3125,5.5625,2007.625,2882050,105,Play,Lyceum
31207,57,3,2010,1262525,33,Play,Lyceum
51048,88.33333333,4.333333333,2008,4105572,52,Play,Lyceum
75829,58.38888889,5.388888889,2002,2766340,112,Play,Lyceum
47662,66.5,2.8,1999,1577697,39,Play,Lyceum
43457,44.57142857,4.428571429,2009,1936204,85,Play,Lyceum
40598,79.875,4.375,2000,1230595,42,Play,Lyceum
1120,15,11,1995,27661,1,Play,Lyceum
21953,37.90909091,9.454545455,2005.181818,945935,68,Play,Lyceum
72860,49.85,5.3,2005,4139622,136,Play,Lyceum
81779,54.04761905,6.047619048,1997,2260537,145,Play,Lyceum
104598,82.94444444,4.611111111,2001,3918862,108,Play,Lyceum
76621,59.95,6.4,2006,3808107,142,Play,Lyceum
20296,34.375,5.125,1999,619334,55,Play,Lyceum
112339,74.80952381,5.523809524,2013,8563126,136,Play,Lyceum
63237,61.13333333,4.4,2003,2530951,89,Play,Lyceum
95429,82.88235294,4.823529412,2014,8209761,105,Play,Lyceum
127504,57.61290323,4.870967742,1997.83871,5023827,230,Play,Lyceum
78439,64.57894737,4,2012,6335320,143,Play,Lyceum
50144,65.07692308,7.461538462,2004.384615,2584289,72,Play,Lyceum
32571,38.3,10.3,2004.1,1700078,57,Play,Royale
116327,89.93333333,5.266666667,2004,7941028,88,Play,Royale
67446,48.75,6.5,2003.5,3115592,113,Play,Royale
529168,79.56410256,5.961538462,1998.410256,24287247,600,Play,Royale
263203,70.52272727,7.431818182,2000.068182,11570839,326,Play,Royale
29432,76.6,4.4,2005,1514600,9,Play,Royale
45737,52,2.545454545,2003,2427214,68,Play,Royale
55872,64.7,5.9,2003,2276295,49,Play,Royale
122341,81.2,5.25,2001,6477718,121,Play,Royale
35323,61,10.75,2002,2080448,39,Play,Royale
109522,85.5,7.888888889,2001.333333,5337342,67,Play,Royale
107557,79.4375,10.6875,1996,4514236,116,Play,Royale
44594,51.9,4.5,2002,1574221,57,Play,Royale
90661,56.47368421,6.210526316,1999.526316,3013098,128,Play,Royale
143989,89.17391304,5.956521739,1997,6495976,150,Play,Belasco
14607,52.25,11,2008,739550,8,Play,Belasco
74205,68.71428571,4.785714286,2006,3384141,80,Play,Belasco
107039,73.42105263,3.842105263,2016,7855675,108,Play,Belasco
85013,49,6.19047619,2003,3492109,143,Play,Belasco
99053,56.90909091,5.727272727,2012,6856068,160,Play,Belasco
195423,72.96969697,7.454545455,2002.30303,11458493,243,Play,Belasco
54318,66.45454545,8.727272727,2012.272727,3106647,53,Play,Belasco
105388,97.46666667,5.6,1995,5094936,91,Play,Belasco
41160,48.81818182,4.818181818,1998,1132819,57,Play,Belasco
69868,43.47619048,7.047619048,1997.428571,2261732,128,Play,Belasco
66014,64.69230769,4.538461538,2009,3022226,69,Play,Belasco
53094,37.22222222,3.888888889,2007,2514849,125,Play,Belasco
102854,92.14285714,4.428571429,2005,8543103,81,Play,Belasco
47453,48.30769231,5,1999,1282880,66,Play,Belasco
15394,51.5,10.75,1995,357454,21,Play,Belasco
22321,38.71428571,10.57142857,2003,716751,30,Play,Belasco
7526,26,4.5,2002,253992,20,Play,Belasco
147748,99.66666667,7.444444444,2013.388889,13930965,113,Play,Belasco
12005,94,12,2001,819397,8,Play,Marquis
162121,66.38095238,4.80952381,2009,11603724,145,Play,Shubert
37235,68.09090909,10.45454545,2005,1816196,56,Play,Biltmore
33008,66.1,5.6,2005,1558313,38,Play,Biltmore
43367,78.54545455,2.090909091,2005,2135668,62,Play,Biltmore
37416,67.18181818,1.909090909,2008,2052427,58,Play,Biltmore
33799,67.9,2.6,2004,1619255,54,Play,Biltmore
30824,61.8,10.3,2006,1548011,53,Play,Biltmore
41237,74.27272727,10.09090909,2007,2293948,61,Play,Biltmore
58154,89.69230769,2.384615385,2006,3203305,77,Play,Biltmore
59677,90.76923077,10.69230769,2004,3004690,77,Play,Biltmore
57529,87.46153846,5.615384615,2006,3217082,80,Play,Biltmore
50622,85.33333333,6,2004,2724614,70,Play,Biltmore
39431,79.1,11.1,2003,2037981,54,Play,Biltmore
41199,72.81818182,5.272727273,2008,2211556,63,Play,Biltmore
43049,85.8,1.8,2007,2141231,53,Play,Biltmore
20224,41,11.25,2003,990923,28,Play,Broadway
41751,67.5,5.083333333,2009,2028775,71,Play,Friedman
36708,75,4.7,2015,1521105,53,Play,Friedman
41886,76.27272727,9.909090909,2012,1967382,59,Play,Friedman
54116,81.46153846,5.076923077,2014,3028464,79,Play,Friedman
32239,65,4.9,2010,1348639,54,Play,Friedman
66543,97.23076923,3.461538462,2014.846154,6642180,76,Play,Friedman
52876,82.61538462,10.53846154,2015,3721858,75,Play,Friedman
81075,97.5,3.6875,2011,5925428,101,Play,Friedman
52956,88.66666667,7.333333333,2011,3244777,67,Play,Friedman
35508,72.7,1.6,2016,1727741,53,Play,Friedman
50227,92.45454545,1.909090909,2014,3351777,61,Play,Friedman
38583,64.16666667,2,2009,2001797,70,Play,Friedman
82288,85.73684211,5.263157895,2013,5402056,119,Play,Friedman
59702,84.21428571,5.285714286,2012,3505086,86,Play,Friedman
44110,78.09090909,10.09090909,2014,2383928,61,Play,Friedman
50634,75.53846154,4.769230769,2016,3419470,78,Play,Friedman
49929,81.5,4.25,2012.75,2876466,61,Play,Friedman
48162,71.23076923,10.46153846,2010,2531130,86,Play,Friedman
53252,79.53846154,10.53846154,2009,2627586,77,Play,Friedman
44083,79.81818182,10.90909091,2013,2376183,60,Play,Friedman
56821,92.08333333,2,2010,3374918,67,Play,Friedman
21960,46.88888889,10.11111111,2008,1166048,40,Play,Friedman
46409,92.4,11,2011,3214825,48,Play,Friedman
44863,81.90909091,1.909090909,2012,2302405,60,Play,Friedman
55078,89.28571429,11.71428571,2013,8106145,41,Play,Imperial
159363,62.13043478,5.260869565,2007.695652,10624210,160,Play,Imperial
33065,49.16666667,4.666666667,2007,1602370,30,Play,Imperial
56664,57.08333333,8,2001,2658624,83,Play,Longacre
227265,71.13157895,8.052631579,2008.026316,13951563,279,Play,Longacre
72385,52.3125,7.9375,2011.3125,4325401,109,Play,Longacre
99641,42.18518519,5.62962963,2002.666667,3377597,198,Play,Longacre
34346,39.6,4.4,1998,828439,69,Play,Longacre
57914,53.46153846,3.538461538,2001,2025590,56,Play,Longacre
27322,69.4,4.2,2015,811148,16,Play,Longacre
34446,52.125,4.125,2012,1136102,37,Play,Longacre
155377,97.26315789,5.263157895,2014,15938704,118,Play,Longacre
6752,136,11,2003,225202,1,Play,Longacre
3303,387.75,4.5,2004,111855,5,Play,Longacre
84405,51.31578947,4.210526316,2007,4489013,121,Play,Longacre
65891,65.33333333,4.583333333,2000,2557061,56,Play,Longacre
19860,61,10.75,2012,737219,6,Play,Longacre
50356,45.46153846,4.384615385,1997,1340187,84,Play,Longacre
42090,50.63636364,8.727272727,1999,1245034,68,Play,Longacre
27536,33.4,3.9,2006,1162288,52,Play,Longacre
118994,59.15384615,5.769230769,2005,6574830,177,Play,Longacre
160368,71.88461538,7.653846154,2014.307692,13227324,169,Play,Longacre
187407,83.46153846,6.576923077,1996,5995428,185,Play,Plymouth
130827,95.26315789,6.421052632,2003,11333178,117,Play,Plymouth
49757,57.72727273,4.090909091,2004,2333156,53,Play,Plymouth
321840,74.31372549,6.647058824,2002.176471,17834908,380,Play,Plymouth
112255,65.58823529,10.64705882,2000,5998667,121,Play,Virginia
68803,56.91666667,5.25,2001,2479599,72,Play,Virginia
115021,77.35294118,3.941176471,2002,7657715,101,Play,Virginia
7481,100,6,1995,320994,15,Play,Criterion
34601,98.88888889,6.888888889,1996,1019814,32,Play,Criterion
48528,93.53846154,5.461538462,1997.615385,1945902,81,Play,Criterion
39976,92.72727273,5.272727273,1997,1493967,72,Play,Criterion
51183,91.5,7.357142857,1998,2071842,85,Play,Criterion
36681,97.2,9.1,1996,1194418,53,Play,Criterion
38764,85.08333333,3.833333333,1998,1379259,61,Play,Criterion
51829,90.4,3.8,1999,2099821,93,Play,Criterion
1240,83,6,1995,32682,0,Play,Criterion
36206,91.09090909,9.636363636,1996.181818,1147712,55,Play,Criterion
43322,99.81818182,2.545454545,1997,1708904,61,Play,Criterion
116726,67.13636364,3.590909091,1999.909091,5019461,173,Play,Music Box
304479,63.73770492,6.37704918,2008.42623,22211396,488,Play,Music Box
174965,70.35294118,6.764705882,1997,6566575,236,Play,Music Box
124967,71.09090909,6.818181818,2003.454545,8898242,145,Play,Music Box
131326,68.95833333,5.583333333,1999,5318897,172,Play,Music Box
110199,61.19230769,5.307692308,2004.692308,7021853,163,Play,Music Box
39768,55.66666667,10.44444444,2012.111111,3089827,44,Play,Music Box
86895,58.42105263,6.052631579,2007,5361739,121,Play,Music Box
35065,51.55555556,4.222222222,2006,1853946,49,Play,Music Box
98735,63.4,4.95,2002,4318899,127,Play,Music Box
118970,73.66666667,5.904761905,2011,8004618,141,Play,Music Box
98107,81.41176471,8.117647059,2015.294118,9411612,103,Play,Music Box
73042,58.625,9.5625,2010.125,4382858,101,Play,Music Box
121572,68.52173913,5.47826087,2010,8249462,153,Play,Music Box
10926,54,6,2000,489308,13,Play,Music Box
140382,84.09090909,6.181818182,2012,13071416,159,Play,Music Box
29520,73.33333333,7.333333333,2005,1952699,35,Play,Music Box
43018,68.66666667,10.33333333,2011.111111,2773632,53,Play,Music Box
74490,59.8125,10.125,2009.0625,4239113,109,Play,Music Box
156663,67.8,5,1997.8,6086337,221,Play,Music Box
291757,74.08333333,6.416666667,2000.729167,13974313,364,Play,Music Box
76700,55.27777778,6.5,2007.5,4512535,104,Play,Music Box
50970,63.6,3.6,2015,3257022,53,Play,Music Box
104375,75.72222222,6.166666667,2006.555556,7308875,117,Play,Music Box
26397,39.33333333,4.666666667,2009,1381950,32,Play,St. James
77997,73.93333333,5,2005,4079447,73,Play,Studio 54
69042,75.66666667,7.166666667,2005.416667,3609646,58,Play,Studio 54
91199,90.76923077,6.153846154,2015,11082666,76,Play,Studio 54
94033,70.88235294,10,2010.058824,5210372,111,Play,Studio 54
93579,98.91666667,6.416666667,2012,6802810,62,Play,Studio 54
75147,75.30769231,10.38461538,2007,3438536,69,Play,Studio 54
71091,66.35714286,10.28571429,2015.071429,5184011,75,Play,Studio 54
111164,95.4,5.266666667,2009,6908255,84,Play,Studio 54
102216,76.64705882,9.117647059,2009.176471,5649906,118,Play,Studio 54
83031,57.05882353,9.647058824,2001.117647,3297340,117,Play,Ambassador
99678,62.44444444,5.277777778,2000,3948515,121,Play,Ambassador
121725,62.77272727,5.409090909,2002,5405007,144,Play,Ambassador
217604,100.0344828,5.24137931,2004.758621,21674355,163,Play,Broadhurst
97561,65.3125,5.5,2012,6060065,105,Play,Broadhurst
162346,91.52631579,4.157894737,2008,12603337,125,Play,Broadhurst
108898,67.88235294,9.647058824,2001.117647,5426431,108,Play,Broadhurst
27431,61.2,4.4,2010,1489074,16,Play,Broadhurst
140597,66.73913043,8.130434783,2008.26087,11962267,156,Play,Broadhurst
99759,87.46153846,10.30769231,2009,10010252,72,Play,Broadhurst
163710,101.1052632,4.631578947,2013,22992145,104,Play,Broadhurst
103007,56.25,5.85,2009,6088106,137,Play,Broadhurst
112692,74.64705882,7.176470588,2015.411765,12518415,102,Play,Broadhurst
51007,49.63636364,9.545454545,1997.181818,2172196,77,Play,Broadhurst
216917,96.36,6.76,2006,16775002,185,Play,Broadhurst
99964,76.13333333,5.933333333,1998,4629082,103,Play,Broadhurst
115374,101.4,8,2010.333333,15335104,73,Play,Broadhurst
91218,83.91666667,11.16666667,1995,4609277,70,Play,Broadhurst
140375,65.13636364,6.045454545,1998,4529545,158,Play,Neil Simon
177511,79.15,4.25,2014,19492726,131,Play,Neil Simon
94831,73.8,4.066666667,2010,6848680,108,Play,Schoenfeld
45770,53.5,10.3,2010,2583745,56,Play,Schoenfeld
109175,100.7692308,10.30769231,2009,15168742,80,Play,Schoenfeld
128332,92,9.588235294,2008.117647,11029640,101,Play,Schoenfeld
86727,86.13333333,7.866666667,2015.333333,12630662,54,Play,Schoenfeld
96421,97,9.071428571,2012.214286,14301932,45,Play,Schoenfeld
185919,81,5.851851852,2012,18329754,185,Play,Schoenfeld
44558,54.63636364,3.727272727,2009,2776558,56,Play,Schoenfeld
173497,98.47619048,9.047619048,2014.142857,26199965,117,Play,Schoenfeld
55985,81.75,4.25,2013,4056117,37,Play,Schoenfeld
146613,100.85,4.2,2015,22072987,114,Play,Schoenfeld
19409,41.66666667,4.5,2006,945803,17,Play,Schoenfeld
7234,87,8,2016,603770,8,Play,Schoenfeld
130240,86.38888889,5.111111111,2011,10451323,112,Play,Schoenfeld
102454,76.63333333,4.333333333,2006,6135555,213,Play,Helen Hayes
6542,46.25,8.75,1998,241753,22,Play,Helen Hayes
53090,58.3,6.4,2010.5,3075662,135,Play,Helen Hayes
167184,82.01785714,6.964285714,1995.928571,6383272,341,Play,Helen Hayes
163977,74.55319149,6.978723404,2000.191489,7925422,352,Play,Helen Hayes
36214,50.6,10.46666667,1999,1317751,93,Play,Helen Hayes
27495,41.14285714,5.714285714,2001,1055351,96,Play,Helen Hayes
14353,38.375,10.625,1998,484281,41,Play,Helen Hayes
180557,60.43076923,7.353846154,2003.815385,9309657,493,Play,Helen Hayes
53002,48.80769231,5.769230769,2005,2964688,172,Play,Helen Hayes
12107,25.7,10.3,2006,587011,70,Play,Helen Hayes
26013,34.8125,10.0625,2005.0625,1104272,93,Play,Helen Hayes
57552,61.85,4.4,2010,3056830,132,Play,Helen Hayes
33799,70.7,5.3,1999,1350060,80,Play,Helen Hayes
131349,56.65306122,6.428571429,2002.693878,5874615,364,Play,Helen Hayes
164221,68.58823529,6.62745098,2009.039216,10111319,407,Play,Helen Hayes
112831,93.40740741,4.259259259,2016,10911251,181,Play,Helen Hayes
243216,70.15068493,5.835616438,1997.356164,11548547,556,Play,Helen Hayes
17858,51.125,3.5,2002,533380,40,Play,Helen Hayes
131262,82.375,8.875,1995.3125,4904023,101,Play,Martin Beck
13000,70.5,11,1997,800000,12,Play,Martin Beck
21631,53.2,10.2,2009,539369,9,Play,Nederlander
74433,61.42105263,7.052631579,2007.421053,4888172,111,Play,Walter Kerr
97163,81.6875,4.8125,2000,5140269,120,Play,Walter Kerr
133198,76.17391304,6.086956522,2012,8767402,157,Play,Walter Kerr
406085,79.88405797,6.014492754,2005.391304,27656473,525,Play,Walter Kerr
54245,66.45454545,6,2004.545455,2577530,72,Play,Walter Kerr
64931,53.5625,4.625,2009,3070112,105,Play,Walter Kerr
4154,55,6,1995,120573,8,Play,Walter Kerr
133335,70.46153846,5.884615385,1996.615385,4334972,175,Play,Walter Kerr
634994,73.63247863,7.017094017,2001.358974,32896994,917,Play,Walter Kerr
71356,62.86666667,7.2,1996,2428850,120,Play,Walter Kerr
13482,36,3.8,2004,509381,12,Play,Walter Kerr
214263,60.8125,6.979166667,2003.020833,10975816,355,Play,Walter Kerr
281378,77.33333333,6.729166667,1998.229167,12496388,365,Play,Walter Kerr
131650,89.45,4.9,2016,11687115,125,Play,Walter Kerr
105465,77.94736842,8,2012.315789,9604456,117,Play,Walter Kerr
74693,85.75,5.083333333,2011,5707721,72,Play,Walter Kerr
85825,80.85714286,10.64285714,2008,6430741,94,Play,Walter Kerr
32424,80,4,2013,1279803,16,Play,Walter Kerr
179837,66.19444444,7.388888889,1999,6874875,277,Play,Walter Kerr
52581,65.72727273,5.181818182,1999.636364,3146238,69,Play,Walter Kerr
67830,60.4,4.2,1996,2731254,65,Play,Lunt-Fontanne
104415,61.375,4.875,2015,9970896,103,Play,Winter Garden
70012,57,3.666666667,2009,4380302,85,Play,Eugene O'Neill
293385,92.5,5.9,1999,15190655,274,Play,Eugene O'Neill
8855,39,10,1998,247279,5,Play,Eugene O'Neill
13851,35,3.8,1998,371767,13,Play,Eugene O'Neill
78118,64.46666667,3.733333333,2000,3367667,114,Play,Eugene O'Neill
15548,29.83333333,1.166666667,2000,418284,28,Play,Eugene O'Neill
78866,90.72727273,4.727272727,2007,5912588,71,Play,Brooks Atkinson
59056,67.36363636,5.272727273,1996,1361820,72,Play,Brooks Atkinson
124982,62.875,5.375,2004.666667,7091677,173,Play,Brooks Atkinson
78865,72.71428571,5.357142857,2004,3957158,89,Play,Brooks Atkinson
59467,55.85714286,10.42857143,2014,4124389,95,Play,Brooks Atkinson
12184,64,6,2005,617468,15,Play,Brooks Atkinson
58891,67.25,5,2002.666667,2454181,78,Play,Brooks Atkinson
298100,76.93478261,6.217391304,2001.76087,14678125,348,Play,Brooks Atkinson
255200,72.51162791,7.511627907,2012.069767,17698854,319,Play,Brooks Atkinson
126852,77.73684211,8.210526316,2011.263158,10077527,117,Play,Brooks Atkinson
67592,61.30769231,11.07692308,1996,1723675,85,Play,Brooks Atkinson
15122,75.33333333,7,2005,191165,9,Play,Brooks Atkinson
115256,100.625,5.375,1999,8200517,102,Play,Brooks Atkinson
296923,99.45714286,5.8,2005.657143,28938436,249,Play,Brooks Atkinson
88453,82.92857143,8.285714286,1999.285714,3321242,82,Play,Brooks Atkinson
64242,80.8,4.8,2000,2366742,49,Play,Brooks Atkinson
91598,81.71428571,4.857142857,1998,4125132,97,Play,Brooks Atkinson
117152,100,4.4,2014,16253561,85,Play,Ethel Barrymore
146568,79.66666667,5.476190476,1992,5947347,137,Play,Ethel Barrymore
117926,93.5,5.375,1999,5911176,103,Play,Ethel Barrymore
220920,64.15,7.675,1996.1,7755341,307,Play,Ethel Barrymore
78061,60.82352941,4.294117647,2011,4881785,108,Play,Ethel Barrymore
117936,100,10.35714286,2013.071429,17501418,83,Play,Ethel Barrymore
110550,98.75,3.875,2012,12868982,78,Play,Ethel Barrymore
108893,75.77777778,5.111111111,1998.666667,4629683,116,Play,Ethel Barrymore
20665,63.25,11,2010,686837,9,Play,Ethel Barrymore
96429,81.13333333,4.333333333,2009,6703380,93,Play,Ethel Barrymore
50516,49.58333333,5.833333333,2002.583333,2857950,76,Play,Ethel Barrymore
6549,75,6,1995,280896,8,Play,Ethel Barrymore
63681,72.73333333,5.333333333,2013,5202863,73,Play,Ethel Barrymore
160076,63.5,4.366666667,2007.933333,11194646,205,Play,Ethel Barrymore
197595,58.325,5.5,2009.85,14939910,297,Play,Ethel Barrymore
56181,89.5,5,2003,3702428,40,Play,Ethel Barrymore
141591,69.12,5.68,2004,8121077,173,Play,Ethel Barrymore
114722,66.42857143,7.380952381,2008.380952,8477093,140,Play,Ethel Barrymore
691205,85.20792079,6.435643564,2015.168317,66641346,775,Play,Ethel Barrymore
80428,51.68421053,4.526315789,2005,4573842,120,Play,Ethel Barrymore
116022,68.25,5.75,2000,5645810,136,Play,Ethel Barrymore
510634,81.25,6.027777778,1993.402778,19086077,556,Play,Ethel Barrymore
612691,72.93069307,6.514851485,2001.247525,29310727,777,Play,Ethel Barrymore
95966,66.61538462,9.692307692,2001.153846,3839871,73,Play,Richard Rodgers
97721,55.88235294,4.764705882,2011,7889821,108,Play,Richard Rodgers
120057,73.66666667,3.4,2012.866667,11661203,84,Play,Richard Rodgers
93392,90.09090909,10.27272727,2007.090909,8098290,56,Play,Richard Rodgers
132104,72.75,6.35,2002,7083941,127,Play,Richard Rodgers
84914,55.625,10.0625,2013,6208798,93,Play,Richard Rodgers
53082,63.18181818,10.27272727,2010.090909,2591058,53,Play,Vivian Beaumont
72546,68.23076923,4.615384615,2014,4761068,67,Play,Vivian Beaumont
66008,72.90909091,3.454545455,1998,1721052,54,Play,Vivian Beaumont
84060,50.10526316,4.368421053,2013,5251537,132,Play,Vivian Beaumont
82522,74,7,1995,2986504,104,Play,Vivian Beaumont
41739,54,10.5,2007.1,2080001,40,Play,Vivian Beaumont
61990,76.3,7.5,2002.4,2606844,45,Play,Vivian Beaumont
77060,94,8.833333333,2003.25,4870242,58,Play,Vivian Beaumont
83270,92.27272727,10.36363636,1997.090909,2953109,51,Play,Vivian Beaumont
49281,96,3,2004,2832254,33,Play,Vivian Beaumont
67264,72.16666667,9.666666667,2013.166667,4251441,60,Play,Vivian Beaumont
47492,92.96428571,6.607142857,2001.642857,2165492,40,Play,Vivian Beaumont
170533,91,6.103448276,2006.62069,11762335,121,Play,Vivian Beaumont
65952,72.09090909,4.909090909,1997,1759936,57,Play,Vivian Beaumont
46130,63.55555556,7,2004.444444,2275152,45,Play,Vivian Beaumont
84557,95.27272727,7.272727273,1998,3602900,53,Play,Vivian Beaumont
726281,90.53684211,6.968421053,2011.578947,74975253,718,Play,Vivian Beaumont
64173,75.8,10.3,2010.1,6296959,62,Play,Stephen Sondheim
158164,70.89655172,6.689655172,2013,13498945,187,Play,Stephen Sondheim
63350,91.91666667,4.25,2003,2874477,69,Play,American Airlines
64431,85.35714286,10.42857143,2008,3612196,73,Play,American Airlines
57992,81.58333333,10.33333333,2005,3082541,69,Play,American Airlines
54538,79.83333333,10.41666667,2009,2534646,53,Play,American Airlines
57353,84.75,7.666666667,2004,2998486,53,Play,American Airlines
56198,86.36363636,2.545454545,2002,2534937,69,Play,American Airlines
77520,89.3125,8.125,2000.3125,3934071,89,Play,American Airlines
45837,74.54545455,10.09090909,2012,2369149,52,Play,American Airlines
60606,83,3.538461538,2001,2984209,69,Play,American Airlines
48420,71.75,4.833333333,2012,2130070,61,Play,American Airlines
67971,84.28571429,10.57142857,2006,3177764,79,Play,American Airlines
56067,80.16666667,2.166666667,2009,2742238,74,Play,American Airlines
63853,87.30769231,5.307692308,2008,3161855,77,Play,American Airlines
59821,96.46153846,5,2016,5153917,61,Play,American Airlines
40813,69.90909091,3.545454545,2013.818182,2123256,52,Play,American Airlines
65138,81.85714286,7.571428571,2001,3217456,74,Play,American Airlines
53701,79.5,10.08333333,2011,3095607,57,Play,American Airlines
56201,76.15384615,10,2010,2917482,65,Play,American Airlines
68317,93.61538462,3.307692308,2015.846154,5339351,67,Play,American Airlines
42829,62.91666667,6.916666667,2007,1809462,61,Play,American Airlines
52787,84.18181818,10.27272727,2015,4039575,64,Play,American Airlines
47529,75.45454545,4.363636364,2012.727273,2409844,49,Play,American Airlines
41211,66.27272727,3.272727273,2007,1786550,61,Play,American Airlines
58727,85.83333333,1.833333333,2010,3071438,69,Play,American Airlines
66932,90.38461538,10.61538462,2007,3558323,69,Play,American Airlines
61354,88.83333333,5,2002.666667,2638852,53,Play,American Airlines
62647,86.07692308,2.076923077,2008,3234567,87,Play,American Airlines
45618,72.72727273,4.363636364,2013,2337664,56,Play,American Airlines
48149,79.36363636,10.36363636,2003.090909,2156333,63,Play,American Airlines
63263,85.38461538,6.769230769,2005,3365506,77,Play,American Airlines
122818,75.60714286,4.071428571,2010.928571,8012925,189,Play,American Airlines
79268,91.46666667,8.2,2000,3854225,85,Play,American Airlines
57457,91.09090909,5.272727273,2002,2610518,70,Play,American Airlines
49691,73.66666667,5.083333333,2009,2463705,73,Play,American Airlines
75040,93.78571429,10.28571429,2014.071429,6214364,76,Play,American Airlines
42360,64.33333333,3.333333333,2011.833333,2082656,56,Play,American Airlines
42745,67.90909091,10.36363636,2013,2392300,53,Play,American Airlines
77827,96.14285714,9.714285714,2001.142857,4183178,77,Play,American Airlines
164852,85.63636364,6,2004.606061,9325569,228,Play,American Airlines
72398,88.21428571,4.214285714,2004,3869161,84,Play,American Airlines
29511,63.5,1.75,2014,1212059,29,Play,Circle In The Square
31842,108.4285714,2.428571429,1996,650106,29,Play,Circle In The Square
55085,62.88235294,6.411764706,2004,2252052,128,Play,Circle In The Square
23007,63,10,1995,510674,31,Play,Circle In The Square
4272,62,11,1995,92284,0,Play,Circle In The Square
51569,101.5714286,9,1996,2673972,56,Play,Circle In The Square
124376,94.33333333,6.444444444,2014,14085440,173,Play,Circle In The Square
79272,81.75,4.6875,2003,4570880,104,Play,Circle In The Square
147379,67.88571429,6.057142857,2010.6,9313391,244,Play,Circle In The Square
199094,74.19230769,6.576923077,2002.134615,10455094,400,Play,Circle In The Square
59027,76.05555556,3.944444444,1999,2465086,125,Play,Circle In The Square
48320,78.83333333,3.083333333,1997,1197565,77,Play,Circle In The Square
9322,40.25,6,1996,171763,29,Play,Circle In The Square
36610,81,2.75,2010,1687067,38,Play,Circle In The Square
75224,75.625,5.5625,2009,4229582,109,Play,Circle In The Square
80722,100.9333333,7.4,2014.4,10827016,97,Play,Circle In The Square
40801,67,5.363636364,1995,1039948,73,Play,Circle In The Square
27956,57.77777778,10.33333333,1994.111111,636598,49,Play,Circle In The Square
95525,85.66666667,4.791666667,2000,5035352,154,Play,Circle In The Square
17968,48.14285714,2.428571429,1995,421847,29,Play,Circle In The Square
2199186,78.67875648,6.89119171,2002.621762,131200806,1509,Musical,Ford Center
26494,54.16666667,3,2010,1354494,20,Musical,Henry Miller (Rndabt)
152597,94.8,8.7,2009.2,11485459,117,Musical,Henry Miller (Rndabt)
132975,96.11428571,6.257142857,1998,7995666,233,Musical,Kit Kat Klub
1786223,90.50929368,6.654275093,2000.929368,111393773,2144,Musical,Studio 54 ('98)
4961746,90.23801066,6.460035524,2010.731794,537937024,4466,Musical,August Wilson
250225,73.375,5.958333333,2000,11284435,161,Musical,Ford Center (Tcn)
2814385,97.34297521,6.776859504,2004.14876,229929442,1930,Musical,Cadillac Winter Garden
463044,62.96078431,6.470588235,2014.705882,30840328,368,Musical,Lyric
182511,79.16666667,6,2016,16566410,94,Musical,Lyric
1432872,91.81481481,6.388888889,1998.527778,79947694,834,Musical,Ford Center (Livent)
2068468,87.56875,6.675,2011.96875,212406040,1066,Musical,Foxwoods
11582362,85.75403609,6.517568851,2006.017094,790512187,8400,Musical,Majestic
524188,83.736,6.992,2002.32,34815864,965,Musical,Henry Miller
40267,43.45454545,4.909090909,2003,1736421,73,Musical,Cort
111483,76.61111111,4.388888889,2016,7474494,109,Musical,Cort
94995,50.77272727,9.590909091,1999.045455,3418286,157,Musical,Cort
21342,49.6,4.2,1999,681313,25,Musical,Cort
37182,50.4,4.6,2000,1787997,56,Musical,Cort
11345,35.16666667,7.666666667,1998,365391,28,Musical,Booth
473884,81.36842105,6.884210526,2009.610526,31764486,733,Musical,Booth
6628,35.33333333,2,2009,264611,5,Musical,Booth
1731068,84.95638629,6.535825545,2006.105919,121918918,2534,Musical,Golden
59888,52.35714286,10.85714286,2008,3577388,96,Musical,Jacobs
91636,74,10.13333333,2010.066667,5629559,94,Musical,Jacobs
143480,74.95833333,9.583333333,2006.041667,10842526,165,Musical,Jacobs
1082027,85.79194631,6.812080537,2013.067114,110306780,1168,Musical,Jacobs
300874,90.925,5.55,2015.825,30362144,282,Musical,Jacobs
90089,73.38095238,8.095238095,2013.285714,7234546,140,Musical,Lyceum
52266,74,10.8,2010,2750411,49,Musical,Lyceum
53725,64.66666667,4.666666667,2015,2432521,61,Musical,Lyceum
47894,45.86666667,8.266666667,2008,2188129,102,Musical,Lyceum
2714193,84.93670886,6.451476793,2001.924051,165928398,1852,Musical,Palace
298652,72.25,5.75,2005,14447491,213,Musical,Palace
799029,81.17333333,6.16,2015.44,78682788,559,Musical,Palace
677853,78.90909091,7.378787879,2012.818182,59051957,487,Musical,Palace
3479270,87.17073171,6.456445993,1996.442509,181852033,2248,Musical,Palace
37161,61.42857143,6.428571429,2014,1209478,38,Musical,Palace
814072,77.11392405,6.594936709,2007.531646,56338126,595,Musical,Palace
80434,72.8,4.3,2006,4630419,39,Musical,Palace
616609,66.37681159,5.956521739,2011.376812,48763901,526,Musical,Palace
1074462,81.7628866,6.845360825,2009.556701,93028454,748,Musical,Palace
84598,61.58823529,4.823529412,1997,3311853,109,Musical,Royale
80669,67.33333333,10.2,1997.066667,3700422,85,Musical,Royale
106028,58.2173913,9.52173913,2004.043478,6109526,157,Musical,Belasco
128928,87.73684211,4.947368421,2001,7080718,117,Musical,Belasco
459696,86.45454545,6.415584416,2014.480519,50259435,507,Musical,Belasco
91086,63.38888889,3.388888889,1999.888889,4376057,120,Musical,Belasco
97370,52.125,4.5,2008,5161374,165,Musical,Belasco
73822,76,10.23076923,2010.076923,4820272,69,Musical,Belasco
218823,79.45454545,6.272727273,2009,15231411,148,Musical,Marquis
1415850,82.13333333,6.22962963,1999.911111,82148713,1045,Musical,Marquis
218299,63.62962963,5.703703704,2010,18368158,188,Musical,Marquis
120932,69.26666667,4.6,2008,4077104,68,Musical,Marquis
474853,81.5,7.173913043,2012.086957,52678175,337,Musical,Marquis
216360,72.2,8.56,2011.16,19566692,152,Musical,Marquis
92638,87.875,10.25,2008.125,9354235,53,Musical,Marquis
70716,68.25,10.25,2009.125,6872694,51,Musical,Marquis
39385,54.83333333,4.333333333,2013,2470240,30,Musical,Marquis
275385,67.81818182,5.181818182,2004.787879,16381491,229,Musical,Marquis
433688,74.84444444,6.088888889,2015.733333,44153666,322,Musical,Marquis
75248,88.28571429,10.14285714,1998.142857,4376576,48,Musical,Marquis
152983,76,4.411764706,1997.764706,8038402,68,Musical,Marquis
865975,76,7.179775281,2006.561798,63565088,674,Musical,Marquis
152490,74.82352941,6.647058824,2005.470588,10445368,109,Musical,Marquis
1193581,80.79661017,6.322033898,2002.864407,75616509,903,Musical,Marquis
705199,79.89855072,7.014492754,1996.318841,40484107,526,Musical,Marquis
84646,83.5,4.25,2011,4438971,33,Musical,Marquis
229895,73.81481481,6.925925926,1996,9736877,193,Musical,Shubert
2972252,81.8681672,6.569131833,1999.594855,170353555,2485,Musical,Shubert
47838,27.2,9.4,2004,2477612,114,Musical,Shubert
549037,78.49180328,6.229508197,2003.360656,37762532,451,Musical,Shubert
1885281,91.99444444,6.372222222,2014.416667,180252576,1394,Musical,Shubert
1380731,78.58,6.366666667,2010.68,104453840,1165,Musical,Shubert
2075781,89.52475248,6.613861386,2006.569307,168067350,1575,Musical,Shubert
41203,79,5.090909091,2007,2494723,60,Musical,Biltmore
203655,62,6.52,2001,8169127,180,Musical,Broadway
366843,66.45,7.8,2004.025,22437579,284,Musical,Broadway
1039923,74.40196078,6.666666667,2013.529412,88166620,769,Musical,Broadway
54370,76.28571429,4.142857143,2015,3197457,23,Musical,Broadway
394590,76.20512821,5.41025641,2015.846154,34433246,271,Musical,Broadway
284906,69.25806452,4.935483871,2002.83871,20773921,228,Musical,Broadway
5843972,85.93660532,6.668711656,1995.638037,272191859,3885,Musical,Broadway
475458,85.63414634,7.682926829,2010.02439,42951936,289,Musical,Broadway
606280,73.40983607,7.081967213,2008.885246,46361426,441,Musical,Broadway
721574,72.86666667,6.253333333,2011.466667,52509237,561,Musical,Broadway
1369564,84.74789916,6.487394958,2006.487395,103992566,910,Musical,Broadway
274911,67,4.703703704,1997.851852,9860678,216,Musical,Gershwin
146016,67.93333333,5.733333333,1997,5065916,104,Musical,Gershwin
549805,80.1509434,6.490566038,2002.150943,34961595,388,Musical,Gershwin
143790,75.38461538,8.923076923,1998.230769,5236292,69,Musical,Gershwin
235029,72.95238095,6.142857143,1999,9429991,166,Musical,Gershwin
890766,75.06410256,6.256410256,2000.435897,45553810,605,Musical,Gershwin
1254392,87.24468085,7.627659574,1995.202128,71365915,738,Musical,Gershwin
54402,137.5555556,9.222222222,1999.222222,1929363,63,Musical,Gershwin
9524462,97.79521674,6.472346786,2009.710015,1039921344,5335,Musical,Gershwin
1787108,92.98830409,6.754385965,2009.871345,183514378,1312,Musical,Imperial
808025,84.89156627,5.963855422,2005.433735,58033865,627,Musical,Imperial
20022,43.5,11.75,2006,1096116,14,Musical,Imperial
3466401,84.22465753,6.547945205,1999.383562,171395852,2907,Musical,Imperial
1176491,81.76744186,6.263565891,2014.914729,105089275,1000,Musical,Imperial
543472,74.9375,6.265625,2012.375,51461746,478,Musical,Imperial
524857,92.37254902,6.549019608,2003.705882,42738338,364,Musical,Imperial
113152,72.31578947,7.473684211,2015.368421,8614614,111,Musical,Longacre
145582,72.88,9.12,2009.08,9285678,185,Musical,Longacre
159061,71.46153846,9.346153846,2013.038462,10018641,174,Musical,Longacre
347661,73.39285714,6.303571429,2010.321429,29057813,433,Musical,Longacre
13080,32.4,2.8,2002,514302,21,Musical,Longacre
26455,54.16666667,4.333333333,1999,970692,17,Musical,Longacre
156118,80.06666667,8.533333333,2002.266667,9431254,56,Musical,Minskoff
959006,69.46601942,6.514563107,2004.543689,57635884,781,Musical,Minskoff
680429,76.48484848,7.393939394,1999.80303,37585638,501,Musical,Minskoff
1212286,90.15151515,6.878787879,1995.474747,66992540,770,Musical,Minskoff
64852,69,4.285714286,2001,2211829,21,Musical,Minskoff
6833916,96.56143667,6.517958412,2011.05482,832964084,4232,Musical,Minskoff
819533,70.58139535,6.255813953,1998.116279,35640182,640,Musical,Minskoff
71017,66.76923077,4.461538462,2001,3527176,68,Musical,Plymouth
167423,62.90909091,6.121212121,2004.575758,8764071,228,Musical,Plymouth
4973,61,6,1995,103769,0,Musical,Plymouth
1403224,83.0201005,6.738693467,1998.603015,78056883,1543,Musical,Plymouth
70160,54.93333333,7.4,2003.4,4894998,100,Musical,Plymouth
85740,70.53333333,10.26666667,2001.066667,3894953,85,Musical,Plymouth
173290,73.48,6.96,2002.44,11264444,169,Musical,Virginia
9953,54,10,2005,596234,0,Musical,Virginia
350389,70.53846154,6.5,2003.653846,20607589,372,Musical,Virginia
153439,65.375,4.041666667,2004.875,9793281,137,Musical,Virginia
1904856,76.25968992,6.585271318,1997.073643,88346877,2036,Musical,Virginia
79170,63.14285714,4.357142857,2000,3919522,68,Musical,Virginia
66346,97.76470588,9.176470588,1997,3119167,109,Musical,Criterion
3493,100,9,1995,173012,0,Musical,Criterion
64069,90.55555556,7.777777778,1998.333333,3266231,99,Musical,Criterion
29103,63,9.857142857,2002,1338399,17,Musical,Music Box
32307,38.54545455,10.72727273,2005,1557164,61,Musical,Music Box
659865,89.39361702,7.042553191,2013.574468,68840074,709,Musical,Music Box
131619,99.15789474,5.210526316,2016,15174445,100,Musical,Music Box
18481,47,6,1996,790556,40,Musical,Music Box
924216,76.22340426,7.042553191,1996.574468,48856284,715,Musical,St. James
510723,66.75438596,6.228070175,2010.298246,39798052,422,Musical,St. James
180680,71.04,9.68,2012,11410177,171,Musical,St. James
226497,73.83333333,5.625,2014,18176367,156,Musical,St. James
133583,69.33333333,10.44444444,2007.111111,9559565,96,Musical,St. James
132659,68.66666667,9.066666667,2009.2,7888826,92,Musical,St. James
441949,72.11111111,7.266666667,2008.044444,31430300,332,Musical,St. James
69713,51.5,7.8,2011,3453758,67,Musical,St. James
168193,60.09090909,6.045454545,1998,7317557,144,Musical,St. James
50021,83.83333333,4.333333333,2012,1343840,19,Musical,St. James
88565,76.5,7.166666667,2011.416667,7253179,57,Musical,St. James
73844,73.7,10.4,2014.1,4963029,56,Musical,St. James
709531,78.28767123,6.246575342,2015.452055,60312720,548,Musical,St. James
529583,61.42857143,6.984126984,1999.904762,24623691,461,Musical,St. James
81971,50.33333333,4.666666667,1999,3524775,61,Musical,St. James
3672795,84.90251572,6.487421384,2003.77044,288361724,2502,Musical,St. James
6007,47,6,1995,229369,8,Musical,St. James
98213,84.93333333,5.8,2007,4971529,94,Musical,Studio 54
106080,91.4375,5.375,2004,6024383,101,Musical,Studio 54
350148,92.96296296,6.407407407,2014.240741,41150028,388,Musical,Studio 54
71420,83.41666667,7.166666667,2004.416667,3770036,69,Musical,Studio 54
103821,84.9375,6,2008.5625,5574587,85,Musical,Studio 54
145633,89,4.523809524,2016,11744157,132,Musical,Studio 54
89781,79.33333333,4.733333333,2010,5352642,76,Musical,Studio 54
156964,86.47826087,3.913043478,2008,8812815,149,Musical,Studio 54
87752,74.66666667,5.2,2006.666667,4777523,99,Musical,Studio 54
122792,74.80952381,6.761904762,2012.47619,7191342,136,Musical,Studio 54
56633,63.08333333,4.916666667,2011,2469422,60,Musical,Studio 54
98279,89.78571429,4.785714286,2006,5806155,77,Musical,Studio 54
68094,46.29411765,4,2001,2558362,105,Musical,Ambassador
1118863,91.45138889,6.888888889,1997.125,54448939,1135,Musical,Ambassador
4990000,82.24680851,6.429787234,2009.367376,381164652,5616,Musical,Ambassador
65456,42.66666667,9.5,1999.111111,2728663,140,Musical,Ambassador
84237,46.85714286,3.571428571,1999,3630774,149,Musical,Ambassador
159952,77.58333333,6,2011,9111694,148,Musical,Broadhurst
1121921,88.35714286,6.064285714,1999.857143,68997054,1093,Musical,Broadhurst
233472,68.89473684,8.184210526,2002,14731618,279,Musical,Broadhurst
4537,50,6,1995,186660,8,Musical,Broadhurst
54449,50.41666667,8,2005,3596685,49,Musical,Broadhurst
465661,86.1147541,7.163934426,2006.852459,35140652,463,Musical,Broadhurst
757765,83.29591837,6.346938776,2014.285714,66152548,779,Musical,Broadhurst
101949,67.75,7.0625,2003.4375,6287836,84,Musical,Broadhurst
174914,68.67857143,5,1996.785714,7991729,188,Musical,Broadhurst
59117,77,4.555555556,2016,2943941,39,Musical,Broadhurst
23533,23.58333333,3.833333333,2003,1288667,60,Musical,Broadhurst
146730,80.23529412,10.58823529,2013,10858194,98,Musical,Neil Simon
242671,86.23076923,5.769230769,2011,16863570,166,Musical,Neil Simon
43019,95.2,7.4,2016,4404457,17,Musical,Neil Simon
84481,79.625,3.5625,2002,5000248,69,Musical,Neil Simon
96860,67.14285714,4.642857143,2015,7028015,86,Musical,Neil Simon
3418653,89.58035714,6.714285714,2005.252976,252181270,2642,Musical,Neil Simon
141223,72.16666667,4.611111111,2012,10882991,116,Musical,Neil Simon
92587,70.83333333,9.583333333,2009.166667,6030275,65,Musical,Neil Simon
112966,73.23076923,8.846153846,2010.230769,9225706,98,Musical,Neil Simon
42216,56.11111111,10.88888889,2012,1718924,29,Musical,Neil Simon
141151,80.05555556,8.666666667,1998.222222,7027858,124,Musical,Neil Simon
815079,85.25274725,6.934065934,1996.747253,42863180,728,Musical,Neil Simon
131411,73.17647059,8.647058824,2014.235294,11156287,105,Musical,Neil Simon
745575,77.46153846,7.263736264,2000.571429,45976995,699,Musical,Neil Simon
105010,57.82352941,10,1999.058824,5052522,132,Musical,Neil Simon
674359,81.75257732,6.402061856,2007.195876,53780422,759,Musical,Schoenfeld
72358,87.45454545,4.545454545,2016,5627480,54,Musical,Schoenfeld
56138,78.44444444,10.33333333,2011.111111,3277347,36,Musical,Schoenfeld
29403,50.28571429,5.571428571,2005,1344529,56,Musical,Schoenfeld
57822,58.76923077,5.384615385,2005.615385,3563420,72,Musical,Schoenfeld
101215,73.22222222,3.111111111,2014,6729931,100,Musical,Schoenfeld
10438,50.4,2.6,1999,383380,17,Musical,Helen Hayes
35902,70.81818182,11.27272727,2001,2090954,73,Musical,Helen Hayes
45367,67,10.2,2015.066667,2540354,85,Musical,Helen Hayes
9520,50.6,8.4,2006,619680,27,Musical,Helen Hayes
840198,90.43,6.715,2012.625,79194109,1593,Musical,Helen Hayes
13579,41.85714286,2.571428571,2000,466157,32,Musical,Helen Hayes
240985,72.18309859,6.788732394,2007.549296,17126310,512,Musical,Helen Hayes
253160,70.59375,6.53125,1997,12836836,239,Musical,Martin Beck
1056908,81.42105263,6.947368421,2000.377193,65051743,882,Musical,Martin Beck
248778,72.87096774,5.096774194,2002.806452,16991133,224,Musical,Martin Beck
119972,66.41176471,4.176470588,2002,7860322,109,Musical,Martin Beck
642006,78.31944444,5.791666667,1998.347222,34483971,533,Musical,Martin Beck
92670,56.94444444,8.333333333,2015,5540127,116,Musical,Nederlander
70701,56.84615385,3.384615385,2016,4293431,72,Musical,Nederlander
152117,84.47368421,3.894736842,2009,10220561,121,Musical,Nederlander
117945,64.9,5.05,2014.7,7609536,93,Musical,Nederlander
379726,60.21212121,6.03030303,2010.363636,28585196,489,Musical,Nederlander
19902,71,7,2016,1496081,24,Musical,Nederlander
1156757,95.2734375,6.4140625,2012.9375,109000717,1004,Musical,Nederlander
4969873,82.67762128,6.535211268,2002.034429,271555789,5091,Musical,Nederlander
95542,72.88888889,5.388888889,2008,6453273,116,Musical,Walter Kerr
741199,88.38793103,6.853448276,2014.396552,72984951,896,Musical,Walter Kerr
368614,89.03571429,6.732142857,2009.946429,38606667,425,Musical,Walter Kerr
234344,74.97674419,6.209302326,2006.697674,17542980,307,Musical,Walter Kerr
39217,67.66666667,9.222222222,2011.222222,1391172,30,Musical,Walter Kerr
77436,59.08333333,9.5,2008,4655502,60,Musical,Al Hirschfeld
582455,76.20588235,5.926470588,2007.382353,43628368,511,Musical,Al Hirschfeld
91840,89.77777778,10.33333333,2010.111111,10335917,57,Musical,Al Hirschfeld
85472,81.55555556,10.44444444,2012.111111,8156846,74,Musical,Al Hirschfeld
28741,65.5,7.25,2012,1461335,28,Musical,Al Hirschfeld
613014,79.27536232,6,2009.376812,50570863,519,Musical,Al Hirschfeld
628957,88.27692308,5.907692308,2011.323077,59740764,473,Musical,Al Hirschfeld
1779797,87.08839779,6.35359116,2014.40884,204828647,1402,Musical,Al Hirschfeld
94539,83,7.4,2003,5492293,80,Musical,Al Hirschfeld
300014,69.36842105,7.973684211,2005.026316,18653757,279,Musical,Al Hirschfeld
301613,67.875,8.025,2006,19995744,285,Musical,Al Hirschfeld
449677,60.8,6.676923077,2003.953846,29830255,497,Musical,Al Hirschfeld
82008,92.14285714,11.71428571,2012,8172266,51,Musical,Lunt-Fontanne
4130127,85.2382134,6.436724566,2003.228288,247306425,3213,Musical,Lunt-Fontanne
713876,80.88,6.16,2015.44,63493938,557,Musical,Lunt-Fontanne
186851,72.47826087,5.608695652,2012,13339472,136,Musical,Lunt-Fontanne
9049,90,10,1995,323839,0,Musical,Lunt-Fontanne
1063474,91.30927835,6.87628866,2013.597938,115002552,738,Musical,Lunt-Fontanne
920997,80.04210526,6.905263158,2010.568421,86677092,722,Musical,Lunt-Fontanne
986179,88.71276596,6.191489362,2008.297872,82993600,685,Musical,Lunt-Fontanne
1065828,87.08571429,6.476190476,1997.742857,57150546,804,Musical,Lunt-Fontanne
1753035,98.79844961,6.263565891,2014.914729,190338628,1008,Musical,New Amsterdam
3878444,81.58982036,6.550898204,2009.476048,294558648,2619,Musical,New Amsterdam
6373955,99.01108647,6.458980044,2001.616408,456424751,3571,Musical,New Amsterdam
2290852,76.96015936,6.362549801,1997.808765,106573965,2008,Musical,Winter Garden
3993974,87.10909091,6.361038961,2009.254545,328309703,3049,Musical,Winter Garden
235400,74.88888889,5.074074074,2014,19222100,180,Musical,Winter Garden
421721,89.75,5.55,2015.825,41726964,288,Musical,Winter Garden
120494,72.2,6.25,2004,7527718,136,Musical,Eugene O'Neill
428660,83.68253968,7.142857143,2009.857143,31991438,463,Musical,Eugene O'Neill
90770,58.33333333,2.944444444,2004.944444,5511066,94,Musical,Eugene O'Neill
771640,81.85981308,6.794392523,1996.457944,36713376,858,Musical,Eugene O'Neill
302226,94.15384615,7.564102564,2003,24448759,283,Musical,Eugene O'Neill
767167,79.27678571,6.669642857,2007.455357,57441834,859,Musical,Eugene O'Neill
302836,71.45833333,6.1875,2005.75,22218240,349,Musical,Eugene O'Neill
2497551,102.6573427,6.402097902,2013.398601,437403089,2258,Musical,Eugene O'Neill
764040,87.16831683,6.534653465,2001.207921,47862021,770,Musical,Eugene O'Neill
426915,74.63414634,7.658536585,2005.02439,27509505,285,Musical,Hilton Theatre
189320,79.72727273,10.45454545,2006.090909,13343784,107,Musical,Hilton Theatre
76824,39.28571429,5.714285714,2006,3766746,97,Musical,Hilton Theatre
149476,71.33333333,4.466666667,2007,9054539,85,Musical,Hilton Theatre
702449,75.21538462,7.307692308,2007.830769,64053200,485,Musical,Hilton Theatre
244603,81.54054054,5.864864865,2013.702703,21234352,273,Musical,Brooks Atkinson
551325,87.90540541,7.391891892,2007.72973,47473854,554,Musical,Brooks Atkinson
41856,74.375,3.125,2013,1597428,28,Musical,Brooks Atkinson
122504,73.47619048,5.476190476,2015,7881052,135,Musical,Brooks Atkinson
21844,46.66666667,10.83333333,2003,1015629,14,Musical,Brooks Atkinson
168879,67.67741935,5.451612903,2000.741935,8083185,209,Musical,Brooks Atkinson
61278,74.5,3.8,1997,1402692,61,Musical,Brooks Atkinson
147743,69.16,4.72,2011,8788728,202,Musical,Brooks Atkinson
635827,84.32631579,6.905263158,2009.589474,49761973,735,Musical,Brooks Atkinson
119258,73.85,8.7,2015.2,9182156,135,Musical,Brooks Atkinson
64792,61.71428571,7.785714286,1997.357143,1090010,79,Musical,Brooks Atkinson
59883,69.09090909,4.909090909,2003,2344600,49,Musical,Brooks Atkinson
50023,81.375,10.375,2006,2636161,28,Musical,Brooks Atkinson
168752,99.76190476,5.666666667,2016,20033709,129,Musical,Brooks Atkinson
118148,71,9.9,2012.05,8518390,135,Musical,Ethel Barrymore
179752,61.17142857,5.685714286,2006.742857,12312349,246,Musical,Ethel Barrymore
94783,71.11764706,6.647058824,1999.470588,5371370,101,Musical,Ethel Barrymore
50623,50.5,3.166666667,2006,2775120,57,Musical,Ethel Barrymore
384256,73.18032787,6.278688525,1997.377049,18961995,466,Musical,Ethel Barrymore
161076,93.625,7.625,1996.375,9057032,101,Musical,Richard Rodgers
780117,79.56043956,6.208791209,1999.164835,37134917,709,Musical,Richard Rodgers
608917,101.6315789,6.561403509,2015.578947,98459890,428,Musical,Richard Rodgers
80162,91.75,6.25,1995.875,3726626,64,Musical,Richard Rodgers
453766,80.74074074,6.425925926,2014.203704,39635141,401,Musical,Richard Rodgers
1322889,80.63815789,6.638157895,2009.065789,105302946,1184,Musical,Richard Rodgers
1436759,81.53293413,6.778443114,2003.832335,99919701,1303,Musical,Richard Rodgers
293984,68.87804878,5.268292683,2011.95122,26381453,293,Musical,Richard Rodgers
228686,72.55172414,5.620689655,2000.689655,12927734,198,Musical,Richard Rodgers
114189,70.75,10.125,1997.0625,4315283,91,Musical,Richard Rodgers
120530,82,4.928571429,1997,5587523,76,Musical,Richard Rodgers
580903,85.20588235,6.264705882,2006.397059,42722858,486,Musical,Richard Rodgers
931293,83.96946565,6.404580153,2000.931298,60218526,1010,Musical,Vivian Beaumont
104636,63,6.368421053,1999,4024231,144,Musical,Vivian Beaumont
44121,61.66666667,10.44444444,1996.111111,1187129,49,Musical,Vivian Beaumont
69819,80.81818182,9.454545455,1999.181818,2982095,42,Musical,Vivian Beaumont
104752,78.0625,5.875,1998.5625,4349262,85,Musical,Vivian Beaumont
965647,89.83076923,6.284615385,2008.923077,96488869,996,Musical,Vivian Beaumont
117040,89.1875,8.125,2004,7691480,92,Musical,Vivian Beaumont
494187,87.76470588,6.044117647,2015.382353,57045053,499,Musical,Vivian Beaumont
420433,74.80882353,6.058823529,2005.397059,28777131,504,Musical,Vivian Beaumont
515954,90.85714286,6.028571429,2011.4,47288859,521,Musical,Stephen Sondheim
1092739,93.37762238,6.230769231,2014.783217,143568862,1080,Musical,Stephen Sondheim
60161,86.91666667,7.916666667,2003,2802669,67,Musical,American Airlines
53366,75,5.583333333,2010,2358299,85,Musical,American Airlines
123479,96.56521739,4.565217391,2015,11298280,144,Musical,American Airlines
68115,91.76923077,8.769230769,2002,3286075,73,Musical,American Airlines
120528,97.86363636,3.636363636,2006,8885204,129,Musical,American Airlines
94762,83.55,5.65,2014,6616618,128,Musical,American Airlines
394799,92.91780822,6.246575342,2015.452055,39767095,551,Musical,Circle In The Square
3719,28,4.666666667,2008,111283,1,Musical,Circle In The Square
160892,74.54054054,5.702702703,2011.702703,11106035,264,Musical,Circle In The Square
51690,75.46153846,8.538461538,2013,1940459,66,Musical,Circle In The Square
672139,84.95862069,6.862068966,2006.144828,45625516,1136,Musical,Circle In The Square
268017,83.25423729,7.118644068,2000.830508,13431400,437,Musical,Circle In The Square
58276,43.88888889,10.33333333,2015.111111,3616869,67,Special,Lyric
66710,97.875,2.25,2009,6723050,46,Special,Cort
37143,54,2.818181818,2002,1715877,65,Special,Booth
12229,84.5,3,1997,563627,16,Special,Lyceum
6866,79.5,8.125,2004,287897,30,Special,Lyceum
31431,84.8,9.8,2008.2,3059851,22,Special,Palace
29519,67.2,9.8,1999.2,2549836,20,Special,Palace
8780,75,1,2015,819461,7,Special,Palace
7896,35.33333333,3.333333333,1994,160000,19,Special,Belasco
444,261,10.66666667,1998,11623,3,Special,Belasco
9934,97.5,3,2011,1021880,10,Special,Belasco
17344,61.5,10.5,1998,726465,28,Special,Belasco
24766,65,10.75,1998,1331285,23,Special,Marquis
24979,76.5,9.25,2010.25,2843463,20,Special,Marquis
110679,54.8125,5.8125,1998,3333238,126,Special,Marquis
9241,96,11,2013,1308223,6,Special,Marquis
64567,82.33333333,7.5,2015,7820655,41,Special,Marquis
30406,78.66666667,1.333333333,2009,1225360,21,Special,Marquis
76365,87.83333333,10,2014.166667,8157068,45,Special,Marquis
92789,66.5,7.2,2008,5166140,70,Special,Broadway
11401,93,10,2012,1404082,7,Special,Broadway
11336,84,2,1997,358316,7,Special,Gershwin
9160,71,8,2012,1204618,10,Special,Longacre
12034,40,5,2003,533861,16,Special,Virginia
13721,72.33333333,2.333333333,2012,914006,17,Special,Music Box
48350,51.42857143,7.857142857,2013,2535797,46,Special,St. James
35432,81.16666667,2,2013,4160716,25,Special,St. James
17835,92,1,1998,989597,12,Special,St. James
1684,25,6,1995,27020,3,Special,Ambassador
93407,100.4,10.3,2011.1,14634985,61,Special,Broadhurst
11060,100,8,1998,774652,10,Special,Broadhurst
8271,36,11,1995,84362,6,Special,Neil Simon
20625,95.33333333,7.333333333,2010,2620770,15,Special,Neil Simon
64713,72.28571429,10.14285714,2015.142857,6785761,64,Special,Neil Simon
17093,69.8,9.8,2008.2,1435574,35,Special,Helen Hayes
100217,97.8,12,1996,6033691,55,Special,Martin Beck
4047,44,11,1997,97542,7,Special,Martin Beck
49419,66.6,8,2013,3041368,73,Special,Walter Kerr
240163,77.02380952,6.904761905,1997.333333,10539175,332,Special,Walter Kerr
1872,52,10,1995,83374,0,Special,Walter Kerr
12745,82.5,5,1997,677313,6,Special,New Amsterdam
44657,76.85714286,10.14285714,1998.142857,1686553,49,Special,Brooks Atkinson
41613,62.77777778,8.111111111,2011.333333,3740974,57,Special,Ethel Barrymore
11120,100.5,10,2012,997676,8,Special,Richard Rodgers
18432,92,4.333333333,2013,2245793,14,Special,Richard Rodgers
10298,82,3.5,2004,438437,7,Special,Vivian Beaumont
28176,85.66666667,5.222222222,2001.944444,1202305,26,Special,Vivian Beaumont
18091,91.45454545,9.636363636,1996.181818,410047,17,Special,Vivian Beaumont
6914,84,5,2005,280480,8,Special,Vivian Beaumont
17160,83.5,11,2000,628230,11,Special,Vivian Beaumont
15504,74.63636364,9.454545455,1999.181818,504719,12,Special,Vivian Beaumont
14257,79.64285714,4,2003,330477,15,Special,American Airlines
